gml_file,num_nodes,num_edges,num_bad,num_good,full,expand_indices,force_unsat,seed,experiment_returncode,experiment_time_s,nksynth_returncode,verdict,timed_out,wall_time_s,user_time_s,sys_time_s,cpu_percent,max_rss_kb,max_rss_mb,timestamp,num_repeats
gml/Aarnet.gml,19,24,1,2,False,False,False,3,0,0.361,0,SAT,False,0.041,0.027,0.003,97.333,42162.667,41.177,2026-07-09T20:50:11,3
gml/Abilene.gml,11,14,1,2,False,False,False,3,0,0.36,0,SAT,False,0.015,0.01,0.0,100.0,35032.0,34.21,2026-07-09T20:50:12,3
gml/Abvt.gml,23,31,1,2,False,False,False,3,0,0.364,0,SAT,False,0.052,0.037,0.003,98.0,46169.333,45.087,2026-07-09T20:50:13,3
gml/Aconet.gml,23,31,1,2,False,False,False,3,0,0.375,0,SAT,False,0.06,0.043,0.007,98.667,44892.0,43.84,2026-07-09T20:50:14,3
gml/Agis.gml,25,30,1,2,False,False,False,3,0,0.388,0,SAT,False,0.06,0.047,0.003,98.0,46504.0,45.413,2026-07-09T20:50:16,3
gml/Ai3.gml,10,9,1,2,False,False,False,3,0,0.366,0,SAT,False,0.017,0.003,0.0,93.0,34908.0,34.09,2026-07-09T20:50:17,3
gml/Airtel.gml,16,37,1,2,False,False,False,3,0,0.379,0,SAT,False,0.031,0.013,0.007,100.0,40010.667,39.073,2026-07-09T20:50:18,3
gml/Amres.gml,25,24,1,2,False,False,False,3,0,0.374,0,SAT,False,0.097,0.08,0.003,98.0,50645.333,49.46,2026-07-09T20:50:19,3
gml/Ans.gml,18,25,1,2,False,False,False,3,0,0.368,0,SAT,False,0.046,0.027,0.007,100.0,41560.0,40.587,2026-07-09T20:50:21,3
gml/Arn.gml,30,29,1,2,False,False,False,3,0,0.366,0,SAT,False,0.094,0.077,0.01,98.333,56900.0,55.567,2026-07-09T20:50:22,3
gml/Arnes.gml,34,47,1,2,False,False,False,3,0,0.375,0,SAT,False,0.173,0.157,0.007,99.667,56441.333,55.117,2026-07-09T20:50:23,3
gml/Arpanet196912.gml,4,4,1,2,False,False,False,3,0,0.37,0,SAT,False,0.013,0.0,0.0,91.0,34258.667,33.453,2026-07-09T20:50:25,3
gml/Arpanet19706.gml,9,10,1,2,False,False,False,3,0,0.392,0,SAT,False,0.014,0.007,0.003,100.0,34548.0,33.737,2026-07-09T20:50:26,3
gml/Arpanet19719.gml,18,22,1,2,False,False,False,3,0,0.384,0,SAT,False,0.049,0.037,0.007,98.0,39944.0,39.01,2026-07-09T20:50:27,3
gml/Arpanet19723.gml,25,28,1,2,False,False,False,3,0,0.384,0,SAT,False,0.07,0.053,0.007,99.333,51297.333,50.097,2026-07-09T20:50:29,3
gml/Arpanet19728.gml,29,32,1,2,False,False,False,3,0,0.374,0,SAT,False,0.111,0.087,0.013,99.667,60470.667,59.053,2026-07-09T20:50:30,3
gml/AsnetAm.gml,65,79,1,2,False,False,False,3,0,0.39,0,SAT,False,1.917,1.857,0.05,99.333,157960.0,154.257,2026-07-09T20:50:31,3
gml/Atmnet.gml,21,22,1,2,False,False,False,3,0,0.368,0,SAT,False,0.054,0.043,0.0,99.333,43073.333,42.063,2026-07-09T20:50:38,3
gml/AttMpls.gml,25,57,1,2,False,False,False,3,0,0.367,0,SAT,False,0.076,0.06,0.007,98.667,51874.667,50.657,2026-07-09T20:50:40,3
gml/Azrena.gml,22,25,1,2,False,False,False,3,0,0.383,0,SAT,False,0.048,0.03,0.007,99.0,46590.667,45.5,2026-07-09T20:50:41,3
gml/BackboneSerbiaMontenegro.gml,6,6,1,2,False,False,False,3,0,0.366,0,SAT,False,0.017,0.01,0.0,95.333,34676.0,33.86,2026-07-09T20:50:42,3
gml/Bandcon.gml,22,28,1,2,False,False,False,3,0,0.371,0,SAT,False,0.058,0.04,0.007,99.333,45437.333,44.373,2026-07-09T20:50:43,3
gml/Basnet.gml,7,6,1,2,False,False,False,3,0,0.366,0,SAT,False,0.014,0.003,0.0,94.667,34522.667,33.717,2026-07-09T20:50:45,3
gml/Bbnplanet.gml,27,28,1,2,False,False,False,3,0,0.373,0,SAT,False,0.094,0.073,0.007,97.667,53872.0,52.61,2026-07-09T20:50:46,3
gml/Bellcanada.gml,48,65,1,2,False,False,False,3,0,0.387,0,SAT,False,0.509,0.48,0.017,99.0,123770.667,120.867,2026-07-09T20:50:47,3
gml/Bellsouth.gml,51,66,1,2,False,False,False,3,0,0.385,0,SAT,False,0.392,0.357,0.023,99.667,85220.0,83.223,2026-07-09T20:50:50,3
gml/Belnet.gml,22,33,1,2,False,False,False,3,0,0.38,0,SAT,False,0.045,0.03,0.007,98.0,45330.667,44.27,2026-07-09T20:50:52,3
gml/Belnet2003.gml,23,43,1,2,False,False,False,3,0,0.375,0,SAT,False,0.06,0.047,0.0,98.667,46969.333,45.87,2026-07-09T20:50:54,3
gml/Belnet2004.gml,23,43,1,2,False,False,False,3,0,0.401,0,SAT,False,0.061,0.043,0.007,98.667,46861.333,45.76,2026-07-09T20:50:55,3
gml/Belnet2005.gml,23,44,1,2,False,False,False,3,0,0.381,0,SAT,False,0.059,0.04,0.007,98.667,46916.0,45.82,2026-07-09T20:50:56,3
gml/Belnet2006.gml,23,44,1,2,False,False,False,3,0,0.39,0,SAT,False,0.063,0.047,0.007,98.667,47018.667,45.92,2026-07-09T20:50:58,3
gml/Belnet2007.gml,21,31,1,2,False,False,False,3,0,0.379,0,SAT,False,0.064,0.043,0.007,98.667,45816.0,44.743,2026-07-09T20:50:59,3
gml/Belnet2008.gml,21,31,1,2,False,False,False,3,0,0.383,0,SAT,False,0.066,0.05,0.003,99.333,46000.0,44.923,2026-07-09T20:51:00,3
gml/Belnet2009.gml,21,31,1,2,False,False,False,3,0,0.375,0,SAT,False,0.043,0.03,0.007,100.0,47798.667,46.677,2026-07-09T20:51:02,3
gml/Belnet2010.gml,22,32,1,2,False,False,False,3,0,0.366,0,SAT,False,0.049,0.03,0.007,100.0,45168.0,44.11,2026-07-09T20:51:03,3
gml/BeyondTheNetwork.gml,53,65,1,2,False,False,False,3,0,0.378,0,SAT,False,0.454,0.42,0.023,99.333,100073.333,97.727,2026-07-09T20:51:04,3
gml/Bics.gml,33,48,1,2,False,False,False,3,0,0.366,0,SAT,False,0.16,0.137,0.01,99.667,62118.667,60.663,2026-07-09T20:51:07,3
gml/Biznet.gml,29,33,1,2,False,False,False,3,0,0.369,0,SAT,False,0.109,0.093,0.007,99.333,59922.667,58.517,2026-07-09T20:51:08,3
gml/Bren.gml,37,38,1,2,False,False,False,3,0,0.369,0,SAT,False,0.224,0.21,0.007,99.333,67945.333,66.353,2026-07-09T20:51:10,3
gml/BsonetEurope.gml,18,24,1,2,False,False,False,3,0,0.36,0,SAT,False,0.042,0.03,0.0,98.333,38752.0,37.843,2026-07-09T20:51:11,3
gml/BtAsiaPac.gml,20,31,1,2,False,False,False,3,0,0.366,0,SAT,False,0.034,0.02,0.0,98.667,40850.667,39.893,2026-07-09T20:51:13,3
gml/BtEurope.gml,24,37,1,2,False,False,False,3,0,0.364,0,SAT,False,0.143,0.123,0.01,99.0,50346.667,49.167,2026-07-09T20:51:14,3
gml/BtLatinAmerica.gml,51,50,1,2,False,False,False,3,0,0.378,0,SAT,False,0.347,0.323,0.017,99.667,95837.333,93.593,2026-07-09T20:51:15,3
gml/BtNorthAmerica.gml,36,76,1,2,False,False,False,3,0,0.375,-9,TIMEOUT,True,30.036,,,,,,2026-07-09T20:51:17,3
gml/Canerie.gml,32,41,1,2,False,False,False,3,0,0.372,0,SAT,False,0.165,0.15,0.007,99.333,60556.0,59.137,2026-07-09T20:52:49,3
gml/Carnet.gml,44,43,1,2,False,False,False,3,0,0.375,0,SAT,False,0.26,0.24,0.013,100.0,76588.0,74.79,2026-07-09T20:52:50,3
gml/Cernet.gml,41,59,1,2,False,False,False,3,0,0.377,0,SAT,False,0.226,0.203,0.013,99.667,70553.333,68.9,2026-07-09T20:52:52,3
gml/Cesnet1993.gml,10,9,1,2,False,False,False,3,0,0.366,0,SAT,False,0.02,0.007,0.0,100.0,35012.0,34.19,2026-07-09T20:52:54,3
gml/Cesnet1997.gml,13,12,1,2,False,False,False,3,0,0.363,0,SAT,False,0.022,0.01,0.0,96.667,36074.667,35.23,2026-07-09T20:52:55,3
gml/Cesnet1999.gml,13,12,1,2,False,False,False,3,0,0.366,0,SAT,False,0.028,0.01,0.003,97.333,36020.0,35.177,2026-07-09T20:52:56,3
gml/Cesnet2.gml,30,42,1,2,False,False,False,3,0,0.369,0,SAT,False,0.171,0.153,0.007,99.333,55017.333,53.73,2026-07-09T20:52:58,3
gml/Cesnet2001.gml,23,23,1,2,False,False,False,3,0,0.369,0,SAT,False,0.047,0.03,0.003,98.0,42610.667,41.61,2026-07-09T20:52:59,3
gml/Cesnet200304.gml,29,33,1,2,False,False,False,3,0,0.373,0,SAT,False,0.069,0.05,0.007,98.667,52757.333,51.52,2026-07-09T20:53:00,3
gml/Cesnet200511.gml,39,44,1,2,False,False,False,3,0,0.371,0,SAT,False,0.178,0.153,0.013,99.667,56222.667,54.907,2026-07-09T20:53:02,3
gml/Cesnet200603.gml,39,44,1,2,False,False,False,3,0,0.371,0,SAT,False,0.173,0.15,0.013,99.333,56260.0,54.94,2026-07-09T20:53:03,3
gml/Cesnet200706.gml,44,51,1,2,False,False,False,3,0,0.375,0,SAT,False,0.186,0.173,0.003,100.0,59824.0,58.42,2026-07-09T20:53:05,3
gml/Cesnet201006.gml,52,63,1,2,False,False,False,3,0,0.38,0,SAT,False,0.475,0.437,0.027,99.667,99337.333,97.01,2026-07-09T20:53:07,3
gml/Chinanet.gml,42,66,1,2,False,False,False,3,0,0.379,0,SAT,False,0.184,0.157,0.017,99.333,73614.667,71.89,2026-07-09T20:53:09,3
gml/Claranet.gml,15,18,1,2,False,False,False,3,0,0.371,0,SAT,False,0.597,0.583,0.003,99.0,41506.667,40.533,2026-07-09T20:53:11,3
gml/Cogentco.gml,197,245,1,2,False,False,False,3,0,0.627,-9,TIMEOUT,True,30.136,,,,,,2026-07-09T20:53:14,3
gml/Colt.gml,153,191,1,2,False,False,False,3,0,0.511,-9,TIMEOUT,True,30.096,,,,,,2026-07-09T20:54:46,3
gml/Columbus.gml,70,85,1,2,False,False,False,3,0,0.397,0,SAT,False,2.245,2.167,0.063,99.333,267630.667,261.357,2026-07-09T20:56:18,3
gml/Compuserve.gml,14,17,1,2,False,False,False,3,0,0.37,0,SAT,False,0.029,0.017,0.0,97.333,36221.333,35.373,2026-07-09T20:56:26,3
gml/CrlNetworkServices.gml,33,38,1,2,False,False,False,3,0,0.389,0,SAT,False,0.143,0.123,0.01,99.0,64229.333,62.727,2026-07-09T20:56:27,3
gml/Cudi.gml,51,52,1,2,False,False,False,3,0,0.421,0,SAT,False,0.346,0.323,0.013,99.667,81686.667,79.773,2026-07-09T20:56:29,3
gml/Cwix.gml,36,41,1,2,False,False,False,3,0,0.385,0,SAT,False,0.125,0.103,0.007,99.667,54898.667,53.61,2026-07-09T20:56:31,3
gml/Cynet.gml,30,29,1,2,False,False,False,3,0,0.378,0,SAT,False,0.541,0.52,0.01,99.333,53430.667,52.18,2026-07-09T20:56:33,3
gml/Darkstrand.gml,28,31,1,2,False,False,False,3,0,0.379,0,SAT,False,0.101,0.083,0.007,98.333,59158.667,57.77,2026-07-09T20:56:35,3
gml/Dataxchange.gml,6,11,1,2,False,False,False,3,0,0.382,0,SAT,False,0.024,0.01,0.0,95.0,34916.0,34.097,2026-07-09T20:56:37,3
gml/Deltacom.gml,113,183,1,2,False,False,False,3,0,0.456,0,SAT,False,12.158,11.943,0.197,99.333,707624.0,691.04,2026-07-09T20:56:38,3
gml/DeutscheTelekom.gml,39,62,1,2,False,False,False,3,0,0.377,0,SAT,False,0.272,0.247,0.013,99.333,63116.0,61.637,2026-07-09T20:57:16,3
gml/DeutscheTelekomIpTransitIpPopsOnly.gml,39,62,1,2,False,False,False,3,0,0.376,0,SAT,False,0.092,0.073,0.01,99.333,55437.333,54.14,2026-07-09T20:57:18,3
gml/Dfn.gml,58,87,1,2,False,False,False,3,0,0.377,0,SAT,False,1.977,1.923,0.043,99.667,133469.333,130.343,2026-07-09T20:57:19,3
gml/DialtelecomCz.gml,193,151,1,2,False,False,False,3,0,0.56,0,SAT,False,25.188,24.663,0.507,99.0,897276.0,876.247,2026-07-09T20:57:26,3
gml/Digex.gml,31,38,1,2,False,False,False,3,0,0.374,0,SAT,False,0.146,0.127,0.003,99.667,58898.667,57.52,2026-07-09T20:58:43,3
gml/Easynet.gml,19,29,1,2,False,False,False,3,0,0.373,0,SAT,False,0.026,0.013,0.003,98.667,38918.667,38.007,2026-07-09T20:58:45,3
gml/Eenet.gml,13,16,1,2,False,False,False,3,0,0.37,0,SAT,False,0.027,0.01,0.0,98.667,37910.667,37.02,2026-07-09T20:58:46,3
gml/EliBackbone.gml,20,30,1,2,False,False,False,3,0,0.366,0,SAT,False,0.07,0.06,0.0,99.333,41668.0,40.693,2026-07-09T20:58:47,3
gml/Epoch.gml,6,7,1,2,False,False,False,3,0,0.362,0,SAT,False,0.011,0.0,0.0,90.0,33977.333,33.183,2026-07-09T20:58:49,3
gml/Ernet.gml,30,32,1,2,False,False,False,3,0,0.365,0,SAT,False,0.519,0.5,0.01,99.333,53482.667,52.227,2026-07-09T20:58:50,3
gml/Esnet.gml,68,92,1,2,False,False,False,3,0,0.386,0,SAT,False,1.437,1.38,0.05,99.333,186064.0,181.707,2026-07-09T20:58:53,3
gml/Eunetworks.gml,15,19,1,2,False,False,False,3,0,0.362,0,SAT,False,0.017,0.007,0.0,91.0,35778.667,34.937,2026-07-09T20:58:58,3
gml/Evolink.gml,37,45,1,2,False,False,False,3,0,0.388,0,SAT,False,0.207,0.18,0.013,99.0,58129.333,56.767,2026-07-09T20:58:59,3
gml/Fatman.gml,17,21,1,2,False,False,False,3,0,0.377,0,SAT,False,0.029,0.013,0.0,97.333,41132.0,40.167,2026-07-09T20:59:01,3
gml/Fccn.gml,23,27,1,2,False,False,False,3,0,0.371,0,SAT,False,0.066,0.047,0.007,98.0,46810.667,45.713,2026-07-09T20:59:02,3
gml/Forthnet.gml,62,62,1,2,False,False,False,3,0,0.391,0,SAT,False,0.872,0.83,0.03,99.333,136156.0,132.963,2026-07-09T20:59:03,3
gml/Funet.gml,26,31,1,2,False,False,False,3,0,0.4,0,SAT,False,0.08,0.057,0.007,99.333,57173.333,55.833,2026-07-09T20:59:07,3
gml/Gambia.gml,28,28,1,2,False,False,False,3,0,0.381,0,SAT,False,0.09,0.077,0.0,100.0,54197.333,52.93,2026-07-09T20:59:09,3
gml/Garr.gml,56,74,1,2,False,False,False,3,0,0.388,0,SAT,False,0.487,0.453,0.023,99.667,98492.0,96.187,2026-07-09T20:59:10,3
gml/Garr199901.gml,16,18,1,2,False,False,False,3,0,0.368,0,SAT,False,0.029,0.013,0.0,100.0,38384.0,37.483,2026-07-09T20:59:13,3
gml/Garr199904.gml,23,25,1,2,False,False,False,3,0,0.367,0,SAT,False,0.043,0.02,0.01,99.0,44622.667,43.58,2026-07-09T20:59:14,3
gml/Garr199905.gml,23,25,1,2,False,False,False,3,0,0.368,0,SAT,False,0.032,0.013,0.007,96.0,40860.0,39.903,2026-07-09T20:59:15,3
gml/Garr200004.gml,22,24,1,2,False,False,False,3,0,0.367,0,SAT,False,0.041,0.023,0.007,97.0,43625.333,42.603,2026-07-09T20:59:16,3
gml/Garr200109.gml,22,24,1,2,False,False,False,3,0,0.369,0,SAT,False,0.045,0.03,0.007,99.0,43660.0,42.637,2026-07-09T20:59:18,3
gml/Garr200112.gml,24,26,1,2,False,False,False,3,0,0.369,0,SAT,False,0.133,0.113,0.007,99.333,45969.333,44.89,2026-07-09T20:59:19,3
gml/Garr200212.gml,27,29,1,2,False,False,False,3,0,0.366,0,SAT,False,0.076,0.063,0.0,98.667,50054.667,48.88,2026-07-09T20:59:20,3
gml/Garr200404.gml,22,24,1,2,False,False,False,3,0,0.363,0,SAT,False,0.041,0.027,0.003,97.0,43790.667,42.767,2026-07-09T20:59:22,3
gml/Garr200902.gml,54,71,1,2,False,False,False,3,0,0.385,0,SAT,False,0.777,0.75,0.013,99.333,93565.333,91.373,2026-07-09T20:59:23,3
gml/Garr200908.gml,54,68,1,2,False,False,False,3,0,0.386,0,SAT,False,0.798,0.733,0.053,99.0,93468.0,91.277,2026-07-09T20:59:26,3
gml/Garr200909.gml,55,69,1,2,False,False,False,3,0,0.389,0,SAT,False,0.613,0.583,0.017,99.333,108162.667,105.627,2026-07-09T20:59:30,3
gml/Garr200912.gml,54,68,1,2,False,False,False,3,0,0.377,0,SAT,False,0.772,0.737,0.02,99.333,93432.0,91.24,2026-07-09T20:59:33,3
gml/Garr201001.gml,54,68,1,2,False,False,False,3,0,0.394,0,SAT,False,0.79,0.747,0.027,99.0,93536.0,91.343,2026-07-09T20:59:36,3
gml/Garr201003.gml,54,71,1,2,False,False,False,3,0,0.399,0,SAT,False,0.774,0.743,0.023,99.333,93465.333,91.277,2026-07-09T20:59:40,3
gml/Garr201004.gml,54,71,1,2,False,False,False,3,0,0.391,0,SAT,False,0.779,0.743,0.023,99.0,93584.0,91.393,2026-07-09T20:59:43,3
gml/Garr201005.gml,55,72,1,2,False,False,False,3,0,0.396,0,SAT,False,0.614,0.56,0.047,100.0,108454.667,105.913,2026-07-09T20:59:47,3
gml/Garr201007.gml,55,74,1,2,False,False,False,3,0,0.385,0,SAT,False,0.601,0.56,0.027,99.333,108398.667,105.857,2026-07-09T20:59:50,3
gml/Garr201008.gml,55,74,1,2,False,False,False,3,0,0.384,0,SAT,False,0.612,0.577,0.027,100.0,108598.667,106.053,2026-07-09T20:59:53,3
gml/Garr201010.gml,56,75,1,2,False,False,False,3,0,0.383,0,SAT,False,0.543,0.503,0.03,99.333,111096.0,108.493,2026-07-09T20:59:56,3
gml/Garr201012.gml,56,75,1,2,False,False,False,3,0,0.38,0,SAT,False,0.542,0.513,0.02,99.667,111112.0,108.51,2026-07-09T20:59:59,3
gml/Garr201101.gml,56,76,1,2,False,False,False,3,0,0.382,0,SAT,False,0.543,0.507,0.023,99.0,110901.333,108.3,2026-07-09T21:00:01,3
gml/Garr201102.gml,57,77,1,2,False,False,False,3,0,0.384,0,SAT,False,0.704,0.66,0.033,99.0,127509.333,124.52,2026-07-09T21:00:04,3
gml/Garr201103.gml,58,81,1,2,False,False,False,3,0,0.391,0,SAT,False,0.725,0.69,0.023,99.0,131734.667,128.647,2026-07-09T21:00:08,3
gml/Garr201104.gml,59,83,1,2,False,False,False,3,0,0.38,0,SAT,False,0.805,0.763,0.03,99.0,135660.0,132.48,2026-07-09T21:00:11,3
gml/Garr201105.gml,59,84,1,2,False,False,False,3,0,0.381,0,SAT,False,0.801,0.76,0.03,99.333,135609.333,132.433,2026-07-09T21:00:14,3
gml/Garr201107.gml,59,85,1,2,False,False,False,3,0,0.394,0,SAT,False,0.812,0.76,0.037,99.0,135584.0,132.407,2026-07-09T21:00:18,3
gml/Garr201108.gml,59,85,1,2,False,False,False,3,0,0.384,0,SAT,False,0.814,0.777,0.03,99.333,135509.333,132.333,2026-07-09T21:00:22,3
gml/Garr201109.gml,59,86,1,2,False,False,False,3,0,0.384,0,SAT,False,0.808,0.76,0.037,99.667,135476.0,132.3,2026-07-09T21:00:25,3
gml/Garr201110.gml,59,87,1,2,False,False,False,3,0,0.385,0,SAT,False,0.809,0.767,0.037,99.333,135738.667,132.553,2026-07-09T21:00:29,3
gml/Garr201111.gml,60,87,1,2,False,False,False,3,0,0.385,0,SAT,False,0.943,0.893,0.037,99.333,153297.333,149.703,2026-07-09T21:00:32,3
gml/Garr201112.gml,61,89,1,2,False,False,False,3,0,0.382,0,SAT,False,0.601,0.563,0.03,99.0,113364.0,110.707,2026-07-09T21:00:36,3
gml/Garr201201.gml,61,89,1,2,False,False,False,3,0,0.383,0,SAT,False,0.604,0.567,0.027,99.0,113412.0,110.757,2026-07-09T21:00:39,3
gml/Gblnet.gml,8,7,1,2,False,False,False,3,0,0.361,0,SAT,False,0.012,0.003,0.0,93.333,34221.333,33.42,2026-07-09T21:00:42,3
gml/Geant.gml,37,57,1,2,False,False,False,3,0,0.379,-9,TIMEOUT,True,30.032,,,,,,2026-07-09T21:00:43,3
gml/Geant2001.gml,27,38,1,2,False,False,False,3,0,0.409,0,SAT,False,0.076,0.057,0.007,98.667,53110.667,51.867,2026-07-09T21:02:15,3
gml/Geant2009.gml,34,52,1,2,False,False,False,3,0,0.401,-9,TIMEOUT,True,30.035,,,,,,2026-07-09T21:02:16,3
gml/Geant2010.gml,37,58,1,2,False,False,False,3,0,0.415,0,SAT,False,0.216,0.19,0.013,99.333,64824.0,63.307,2026-07-09T21:03:47,3
gml/Geant2011.gml,40,61,1,2,False,False,False,3,0,0.406,0,SAT,False,0.105,0.087,0.007,100.0,52812.0,51.57,2026-07-09T21:03:49,3
gml/Geant2012.gml,40,61,1,2,False,False,False,3,0,0.408,0,SAT,False,0.451,0.423,0.017,99.667,76932.0,75.13,2026-07-09T21:03:51,3
gml/Getnet.gml,7,8,1,2,False,False,False,3,0,0.392,0,SAT,False,0.015,0.0,0.0,94.667,34256.0,33.457,2026-07-09T21:03:53,3
gml/Globalcenter.gml,9,36,1,2,False,False,False,3,0,0.409,0,SAT,False,0.017,0.0,0.0,95.333,34946.667,34.13,2026-07-09T21:03:55,3
gml/Globenet.gml,67,113,1,2,False,False,False,3,0,0.428,0,SAT,False,0.934,0.883,0.037,99.0,155744.0,152.093,2026-07-09T21:03:56,3
gml/Goodnet.gml,17,31,1,2,False,False,False,3,0,0.39,0,SAT,False,0.032,0.02,0.0,96.0,40184.0,39.243,2026-07-09T21:04:00,3
gml/Grena.gml,16,15,1,2,False,False,False,3,0,0.419,0,SAT,False,0.045,0.03,0.007,98.0,42045.333,41.06,2026-07-09T21:04:01,3
gml/Gridnet.gml,9,20,1,2,False,False,False,3,0,0.414,0,SAT,False,0.015,0.003,0.003,100.0,34356.0,33.553,2026-07-09T21:04:03,3
gml/Grnet.gml,37,47,1,2,False,False,False,3,0,0.416,0,SAT,False,0.189,0.163,0.013,99.0,58120.0,56.76,2026-07-09T21:04:04,3
gml/GtsCe.gml,149,193,1,2,False,False,False,3,0,0.564,-9,TIMEOUT,True,30.097,,,,,,2026-07-09T21:04:06,3
gml/GtsCzechRepublic.gml,32,33,1,2,False,False,False,3,0,0.365,0,SAT,False,0.167,0.147,0.01,99.0,63377.333,61.893,2026-07-09T21:05:38,3
gml/GtsHungary.gml,30,31,1,2,False,False,False,3,0,0.369,0,SAT,False,0.067,0.05,0.01,98.667,51376.0,50.17,2026-07-09T21:05:39,3
gml/GtsPoland.gml,33,37,1,2,False,False,False,3,0,0.368,0,SAT,False,0.138,0.117,0.01,99.333,58160.0,56.797,2026-07-09T21:05:41,3
gml/GtsRomania.gml,21,24,1,2,False,False,False,3,0,0.362,0,SAT,False,0.04,0.03,0.0,98.0,41088.0,40.127,2026-07-09T21:05:42,3
gml/GtsSlovakia.gml,35,37,1,2,False,False,False,3,0,0.366,0,SAT,False,0.146,0.13,0.003,99.0,52965.333,51.727,2026-07-09T21:05:43,3
gml/Harnet.gml,21,25,1,2,False,False,False,3,0,0.362,0,SAT,False,0.044,0.03,0.0,97.0,44166.667,43.13,2026-07-09T21:05:45,3
gml/Heanet.gml,7,13,1,2,False,False,False,3,0,0.363,0,SAT,False,0.013,0.003,0.0,90.333,34376.0,33.573,2026-07-09T21:05:46,3
gml/Hibernia.gml,18,22,1,2,False,False,False,3,0,0.367,0,SAT,False,0.026,0.01,0.003,96.0,40646.667,39.697,2026-07-09T21:05:47,3
gml/HiberniaCanada.gml,13,14,1,2,False,False,False,3,0,0.363,0,SAT,False,0.024,0.01,0.003,98.333,36925.333,36.06,2026-07-09T21:05:48,3
gml/HiberniaGlobal.gml,55,81,1,2,False,False,False,3,0,0.379,0,SAT,False,0.438,0.393,0.033,99.0,113426.667,110.767,2026-07-09T21:05:50,3
gml/HiberniaIreland.gml,8,8,1,2,False,False,False,3,0,0.36,0,SAT,False,0.012,0.0,0.0,90.0,34309.333,33.503,2026-07-09T21:05:52,3
gml/HiberniaNireland.gml,18,22,1,2,False,False,False,3,0,0.37,0,SAT,False,0.026,0.017,0.0,100.0,39853.333,38.923,2026-07-09T21:05:53,3
gml/HiberniaUk.gml,15,15,1,2,False,False,False,3,0,0.366,0,SAT,False,0.031,0.017,0.003,96.0,38565.333,37.66,2026-07-09T21:05:54,3
gml/HiberniaUs.gml,22,29,1,2,False,False,False,3,0,0.372,0,SAT,False,0.056,0.04,0.003,98.0,48360.0,47.223,2026-07-09T21:05:56,3
gml/Highwinds.gml,18,53,1,2,False,False,False,3,0,0.36,0,SAT,False,0.038,0.027,0.003,100.0,44096.0,43.063,2026-07-09T21:05:57,3
gml/HostwayInternational.gml,16,21,1,2,False,False,False,3,0,0.385,0,SAT,False,0.036,0.02,0.0,97.0,39330.667,38.413,2026-07-09T21:05:58,3
gml/HurricaneElectric.gml,24,37,1,2,False,False,False,3,0,0.385,0,SAT,False,0.141,0.127,0.003,99.333,48594.667,47.457,2026-07-09T21:05:59,3
gml/Ibm.gml,18,24,1,2,False,False,False,3,0,0.361,0,SAT,False,0.043,0.033,0.0,99.0,38694.667,37.787,2026-07-09T21:06:01,3
gml/Iij.gml,37,66,1,2,False,False,False,3,0,0.367,0,SAT,False,0.19,0.17,0.01,99.667,55918.667,54.607,2026-07-09T21:06:02,3
gml/Iinet.gml,31,35,1,2,False,False,False,3,0,0.365,0,SAT,False,0.108,0.093,0.007,99.333,50124.0,48.95,2026-07-09T21:06:04,3
gml/Ilan.gml,14,15,1,2,False,False,False,3,0,0.359,0,SAT,False,0.051,0.037,0.003,99.0,38076.0,37.183,2026-07-09T21:06:05,3
gml/IntNetworkmap.gml,89,92,1,2,False,False,False,3,0,0.414,0,SAT,False,14.056,13.777,0.267,99.0,946974.667,924.78,2026-07-09T21:06:06,3
gml/Integra.gml,27,36,1,2,False,False,False,3,0,0.371,0,SAT,False,0.09,0.073,0.007,98.667,54768.0,53.483,2026-07-09T21:06:50,3
gml/Intellifiber.gml,73,97,1,2,False,False,False,3,0,0.391,0,SAT,False,3.646,3.547,0.087,99.667,336429.333,328.543,2026-07-09T21:06:51,3
gml/Internet2.gml,20,26,1,2,False,False,False,3,0,0.363,0,SAT,False,0.04,0.023,0.003,98.0,46132.0,45.047,2026-07-09T21:07:03,3
gml/Internetmci.gml,19,45,1,2,False,False,False,3,0,0.364,0,SAT,False,0.043,0.023,0.007,98.0,40173.333,39.233,2026-07-09T21:07:05,3
gml/Internode.gml,66,78,1,2,False,False,False,3,0,0.39,0,SAT,False,0.978,0.927,0.037,99.333,154684.0,151.057,2026-07-09T21:07:06,3
gml/Interoute.gml,110,158,1,2,False,False,False,3,0,0.439,0,SAT,False,15.302,15.09,0.2,99.0,635529.333,620.637,2026-07-09T21:07:10,3
gml/Intranetwork.gml,39,53,1,2,False,False,False,3,0,0.376,-9,TIMEOUT,True,30.031,,,,,,2026-07-09T21:07:57,3
gml/Ion.gml,125,150,1,2,False,False,False,3,0,0.464,0,SAT,False,24.112,23.783,0.313,99.0,1064357.333,1039.41,2026-07-09T21:09:28,3
gml/IowaStatewideFiberMap.gml,33,41,1,2,False,False,False,3,0,0.368,0,SAT,False,0.188,0.163,0.013,99.333,63576.0,62.083,2026-07-09T21:10:42,3
gml/Iris.gml,51,64,1,2,False,False,False,3,0,0.378,0,SAT,False,0.561,0.53,0.023,99.333,107168.0,104.653,2026-07-09T21:10:44,3
gml/Istar.gml,23,23,1,2,False,False,False,3,0,0.371,0,SAT,False,0.046,0.033,0.007,99.0,43758.667,42.733,2026-07-09T21:10:47,3
gml/Itnet.gml,11,10,1,2,False,False,False,3,0,0.367,0,SAT,False,0.017,0.003,0.0,92.667,34760.0,33.947,2026-07-09T21:10:48,3
gml/JanetExternal.gml,12,10,1,2,False,False,False,3,0,0.366,0,SAT,False,0.023,0.01,0.0,98.333,35128.0,34.307,2026-07-09T21:10:49,3
gml/Janetbackbone.gml,29,45,1,2,False,False,False,3,0,0.366,0,SAT,False,0.076,0.06,0.007,98.0,53188.0,51.94,2026-07-09T21:10:50,3
gml/Janetlense.gml,20,40,1,2,False,False,False,3,0,0.366,0,SAT,False,0.037,0.03,0.0,99.0,41508.0,40.533,2026-07-09T21:10:51,3
gml/Jgn2Plus.gml,18,17,1,2,False,False,False,3,0,0.362,0,SAT,False,0.041,0.03,0.0,98.0,38922.667,38.01,2026-07-09T21:10:53,3
gml/Karen.gml,25,30,1,2,False,False,False,3,0,0.366,0,SAT,False,0.072,0.057,0.003,97.667,50740.0,49.55,2026-07-09T21:10:54,3
gml/Kdl.gml,754,899,1,2,False,False,False,3,0,9.432,-9,TIMEOUT,True,30.454,,,,,,2026-07-09T21:10:55,3
gml/KentmanApr2007.gml,23,24,1,2,False,False,False,3,0,0.371,0,SAT,False,0.05,0.027,0.01,97.0,47612.0,46.497,2026-07-09T21:12:55,3
gml/KentmanAug2005.gml,28,29,1,2,False,False,False,3,0,0.375,0,SAT,False,0.083,0.067,0.007,100.0,52973.333,51.73,2026-07-09T21:12:56,3
gml/KentmanFeb2008.gml,26,28,1,2,False,False,False,3,0,0.37,0,SAT,False,0.049,0.03,0.007,99.0,46348.0,45.26,2026-07-09T21:12:58,3
gml/KentmanJan2011.gml,38,39,1,2,False,False,False,3,0,0.374,0,SAT,False,0.974,0.947,0.017,99.667,59669.333,58.27,2026-07-09T21:12:59,3
gml/KentmanJul2005.gml,16,17,1,2,False,False,False,3,0,0.363,0,SAT,False,0.032,0.02,0.0,97.333,39090.667,38.177,2026-07-09T21:13:03,3
gml/Kreonet.gml,13,12,1,2,False,False,False,3,0,0.365,0,SAT,False,0.016,0.01,0.0,95.333,35277.333,34.45,2026-07-09T21:13:04,3
gml/LambdaNet.gml,42,46,1,2,False,False,False,3,0,0.368,0,SAT,False,0.175,0.157,0.007,99.0,59418.667,58.027,2026-07-09T21:13:05,3
gml/Latnet.gml,69,74,1,2,False,False,False,3,0,0.393,0,SAT,False,1.179,1.123,0.04,99.667,196597.333,191.99,2026-07-09T21:13:07,3
gml/Layer42.gml,6,7,1,2,False,False,False,3,0,0.362,0,SAT,False,0.012,0.0,0.0,93.333,34042.667,33.243,2026-07-09T21:13:12,3
gml/Litnet.gml,43,43,1,2,False,False,False,3,0,0.37,0,SAT,False,0.229,0.207,0.01,99.333,63493.333,62.007,2026-07-09T21:13:13,3
gml/Marnet.gml,20,27,1,2,False,False,False,3,0,0.363,0,SAT,False,0.043,0.033,0.0,99.0,41156.0,40.19,2026-07-09T21:13:14,3
gml/Marwan.gml,16,18,1,2,False,False,False,3,0,0.365,0,SAT,False,0.034,0.02,0.0,98.667,40228.0,39.283,2026-07-09T21:13:16,3
gml/Missouri.gml,67,83,1,2,False,False,False,3,0,0.394,0,SAT,False,1.135,1.083,0.04,99.0,170048.0,166.063,2026-07-09T21:13:17,3
gml/Mren.gml,6,5,1,2,False,False,False,3,0,0.358,0,SAT,False,0.022,0.01,0.0,98.333,34658.667,33.85,2026-07-09T21:13:21,3
gml/Myren.gml,37,40,1,2,False,False,False,3,0,0.368,0,SAT,False,0.106,0.087,0.007,99.333,55241.333,53.95,2026-07-09T21:13:23,3
gml/Napnet.gml,6,7,1,2,False,False,False,3,0,0.363,0,SAT,False,0.011,0.003,0.0,96.667,34177.333,33.373,2026-07-09T21:13:24,3
gml/Navigata.gml,13,17,1,2,False,False,False,3,0,0.365,-9,TIMEOUT,True,30.028,,,,,,2026-07-09T21:13:25,3
gml/Netrail.gml,7,10,1,2,False,False,False,3,0,0.366,0,SAT,False,0.013,0.003,0.0,96.667,34409.333,33.6,2026-07-09T21:14:56,3
gml/NetworkUsa.gml,35,39,1,2,False,False,False,3,0,0.366,0,SAT,False,0.155,0.137,0.01,100.0,62029.333,60.577,2026-07-09T21:14:57,3
gml/Nextgen.gml,17,20,1,2,False,False,False,3,0,0.367,0,SAT,False,0.027,0.013,0.003,97.333,39692.0,38.76,2026-07-09T21:14:59,3
gml/Niif.gml,36,41,1,2,False,False,False,3,0,0.372,0,SAT,False,0.157,0.14,0.007,99.667,52248.0,51.023,2026-07-09T21:15:00,3
gml/Noel.gml,19,25,1,2,False,False,False,3,0,0.367,0,SAT,False,0.053,0.037,0.003,98.0,39265.333,38.343,2026-07-09T21:15:02,3
gml/Nordu.gml,33,45,1,2,False,False,False,3,0,0.371,0,SAT,False,0.13,0.117,0.003,99.667,61034.667,59.603,2026-07-09T21:15:03,3
gml/Nordu1989.gml,7,6,1,2,False,False,False,3,0,0.366,0,SAT,False,0.015,0.0,0.0,92.0,34324.0,33.52,2026-07-09T21:15:05,3
gml/Nordu1997.gml,14,13,1,2,False,False,False,3,0,0.362,0,SAT,False,0.022,0.01,0.0,98.0,36149.333,35.303,2026-07-09T21:15:06,3
gml/Nordu2005.gml,9,10,1,2,False,False,False,3,0,0.366,0,SAT,False,0.018,0.003,0.0,100.0,34796.0,33.98,2026-07-09T21:15:07,3
gml/Nordu2010.gml,18,17,1,2,False,False,False,3,0,0.364,0,SAT,False,0.02,0.01,0.0,98.0,36570.667,35.717,2026-07-09T21:15:08,3
gml/Nsfcnet.gml,10,10,1,2,False,False,False,3,0,0.359,0,SAT,False,0.014,0.0,0.0,97.333,34325.333,33.52,2026-07-09T21:15:09,3
gml/Nsfnet.gml,13,15,1,2,False,False,False,3,0,0.366,0,SAT,False,0.023,0.01,0.0,96.667,36204.0,35.353,2026-07-09T21:15:10,3
gml/Ntelos.gml,48,61,1,2,False,False,False,3,0,0.371,0,SAT,False,2.758,2.727,0.02,99.0,119460.0,116.66,2026-07-09T21:15:11,3
gml/Ntt.gml,47,216,1,2,False,False,False,3,0,0.378,0,SAT,False,0.146,0.117,0.017,99.333,59612.0,58.217,2026-07-09T21:15:21,3
gml/Opteglobe.gml,93,106,1,2,False,False,False,3,0,0.405,0,SAT,False,4.492,4.4,0.077,99.0,370980.0,362.287,2026-07-09T21:15:22,3
gml/Oteglobe.gml,93,106,1,2,False,False,False,3,0,0.404,0,SAT,False,3.985,3.87,0.1,99.0,342733.333,334.7,2026-07-09T21:15:37,3
gml/Oxford.gml,20,26,1,2,False,False,False,3,0,0.364,0,SAT,False,0.031,0.017,0.003,98.667,41661.333,40.687,2026-07-09T21:15:50,3
gml/Pacificwave.gml,18,27,1,2,False,False,False,3,0,0.361,0,SAT,False,0.033,0.017,0.003,95.0,41066.667,40.103,2026-07-09T21:15:51,3
gml/Packetexchange.gml,21,27,1,2,False,False,False,3,0,0.362,0,SAT,False,0.05,0.037,0.003,99.0,47224.0,46.117,2026-07-09T21:15:53,3
gml/Padi.gml,15,6,1,2,False,False,False,3,0,0.367,0,SAT,False,0.037,0.017,0.007,97.0,35758.667,34.92,2026-07-09T21:15:54,3
gml/Palmetto.gml,45,70,1,2,False,False,False,3,0,0.377,0,SAT,False,0.353,0.323,0.017,99.0,81062.667,79.16,2026-07-09T21:15:55,3
gml/Peer1.gml,16,20,1,2,False,False,False,3,0,0.362,0,SAT,False,0.03,0.02,0.0,98.667,38253.333,37.357,2026-07-09T21:15:57,3
gml/Pern.gml,127,129,1,2,False,False,False,3,0,0.454,0,SAT,False,15.177,14.943,0.213,99.0,777582.667,759.357,2026-07-09T21:15:58,3
gml/PionierL1.gml,36,41,1,2,False,False,False,3,0,0.368,0,SAT,False,0.158,0.137,0.007,98.667,62753.333,61.283,2026-07-09T21:16:45,3
gml/PionierL3.gml,38,52,1,2,False,False,False,3,0,0.372,-9,TIMEOUT,True,30.033,,,,,,2026-07-09T21:16:47,3
gml/Psinet.gml,24,25,1,2,False,False,False,3,0,0.378,0,SAT,False,0.121,0.097,0.013,99.0,56882.667,55.55,2026-07-09T21:18:18,3
gml/Psnc.gml,36,41,1,2,False,False,False,3,0,0.378,0,SAT,False,0.17,0.143,0.01,99.0,67676.0,66.09,2026-07-09T21:18:20,3
gml/Quest.gml,20,31,1,2,False,False,False,3,0,0.373,0,SAT,False,0.037,0.02,0.003,99.0,41922.667,40.94,2026-07-09T21:18:21,3
gml/RedBestel.gml,84,101,1,2,False,False,False,3,0,0.416,0,SAT,False,9.299,9.067,0.217,99.0,754345.333,736.667,2026-07-09T21:18:23,3
gml/Rediris.gml,19,32,1,2,False,False,False,3,0,0.364,0,SAT,False,0.035,0.017,0.007,100.0,42020.0,41.033,2026-07-09T21:18:52,3
gml/Renam.gml,5,4,1,2,False,False,False,3,0,0.362,0,SAT,False,0.017,0.007,0.0,93.333,34392.0,33.587,2026-07-09T21:18:53,3
gml/Renater1999.gml,24,23,1,2,False,False,False,3,0,0.364,0,SAT,False,0.053,0.037,0.003,98.667,45513.333,44.45,2026-07-09T21:18:54,3
gml/Renater2001.gml,24,27,1,2,False,False,False,3,0,0.375,0,SAT,False,0.061,0.047,0.003,98.667,46017.333,44.937,2026-07-09T21:18:55,3
gml/Renater2004.gml,30,36,1,2,False,False,False,3,0,0.372,0,SAT,False,0.07,0.043,0.017,100.0,53781.333,52.52,2026-07-09T21:18:57,3
gml/Renater2006.gml,33,43,1,2,False,False,False,3,0,0.365,0,SAT,False,0.15,0.127,0.013,99.667,66376.0,64.82,2026-07-09T21:18:58,3
gml/Renater2008.gml,33,43,1,2,False,False,False,3,0,0.364,0,SAT,False,0.15,0.127,0.013,99.333,66304.0,64.75,2026-07-09T21:18:59,3
gml/Renater2010.gml,43,56,1,2,False,False,False,3,0,0.373,0,SAT,False,0.636,0.603,0.02,99.333,86826.667,84.79,2026-07-09T21:19:01,3
gml/Restena.gml,19,21,1,2,False,False,False,3,0,0.361,0,SAT,False,0.055,0.04,0.007,98.0,39242.667,38.323,2026-07-09T21:19:04,3
gml/Reuna.gml,37,36,1,2,False,False,False,3,0,0.373,0,SAT,False,2.065,2.04,0.013,99.0,74929.333,73.173,2026-07-09T21:19:05,3
gml/Rhnet.gml,16,18,1,2,False,False,False,3,0,0.384,0,SAT,False,0.029,0.013,0.007,97.333,38262.667,37.363,2026-07-09T21:19:13,3
gml/Rnp.gml,31,34,1,2,False,False,False,3,0,0.422,0,SAT,False,0.123,0.11,0.007,99.0,56929.333,55.593,2026-07-09T21:19:14,3
gml/Roedunet.gml,42,50,1,2,False,False,False,3,0,0.389,0,SAT,False,0.191,0.17,0.01,99.667,64368.0,62.857,2026-07-09T21:19:15,3
gml/RoedunetFibre.gml,48,52,1,2,False,False,False,3,0,0.407,0,SAT,False,0.332,0.31,0.013,99.667,79410.667,77.553,2026-07-09T21:19:17,3
gml/Sago.gml,18,17,1,2,False,False,False,3,0,0.361,0,SAT,False,0.045,0.027,0.003,98.0,44258.667,43.22,2026-07-09T21:19:19,3
gml/Sanet.gml,43,45,1,2,False,False,False,3,0,0.371,0,SAT,False,1.38,1.347,0.02,99.333,95546.667,93.31,2026-07-09T21:19:21,3
gml/Sanren.gml,7,7,1,2,False,False,False,3,0,0.364,0,SAT,False,0.022,0.01,0.003,96.667,34792.0,33.977,2026-07-09T21:19:26,3
gml/Savvis.gml,19,20,1,2,False,False,False,3,0,0.378,0,SAT,False,0.049,0.037,0.003,99.0,41984.0,41.0,2026-07-09T21:19:27,3
gml/Shentel.gml,28,35,1,2,False,False,False,3,0,0.367,0,SAT,False,0.516,0.497,0.007,99.333,58974.667,57.593,2026-07-09T21:19:28,3
gml/Sinet.gml,74,76,1,2,False,False,False,3,0,0.391,0,SAT,False,1.903,1.83,0.063,99.333,250429.333,244.56,2026-07-09T21:19:31,3
gml/Singaren.gml,11,10,1,2,False,False,False,3,0,0.361,0,SAT,False,0.016,0.007,0.003,100.0,34909.333,34.093,2026-07-09T21:19:38,3
gml/Spiralight.gml,15,16,1,2,False,False,False,3,0,0.362,0,SAT,False,0.032,0.02,0.0,96.0,40014.667,39.077,2026-07-09T21:19:39,3
gml/Sprint.gml,11,18,1,2,False,False,False,3,0,0.362,0,SAT,False,0.015,0.0,0.0,92.0,34773.333,33.957,2026-07-09T21:19:40,3
gml/Sunet.gml,26,49,1,2,False,False,False,3,0,0.366,0,SAT,False,0.1,0.08,0.007,100.0,53416.0,52.167,2026-07-09T21:19:41,3
gml/Surfnet.gml,50,73,1,2,False,False,False,3,0,0.375,0,SAT,False,0.424,0.387,0.023,99.0,90146.667,88.033,2026-07-09T21:19:43,3
gml/Switch.gml,74,92,1,2,False,False,False,3,0,0.392,0,SAT,False,1.734,1.673,0.053,99.667,218960.0,213.83,2026-07-09T21:19:45,3
gml/SwitchL3.gml,42,63,1,2,False,False,False,3,0,0.368,0,SAT,False,0.166,0.143,0.007,99.333,70804.0,69.147,2026-07-09T21:19:51,3
gml/Syringa.gml,74,74,1,2,False,False,False,3,0,0.394,0,SAT,False,5.158,5.003,0.14,99.333,473822.667,462.717,2026-07-09T21:19:53,3
gml/TLex.gml,12,16,1,2,False,False,False,3,0,0.365,0,SAT,False,0.019,0.007,0.003,98.0,35554.667,34.72,2026-07-09T21:20:10,3
gml/TataNld.gml,145,194,1,2,False,False,False,3,0,0.504,-9,TIMEOUT,True,30.105,,,,,,2026-07-09T21:20:11,3
gml/Telcove.gml,73,70,1,2,False,False,False,3,0,0.397,0,SAT,False,1.174,1.117,0.047,99.667,159448.0,155.713,2026-07-09T21:21:43,3
gml/Telecomserbia.gml,6,6,1,2,False,False,False,3,0,0.363,0,SAT,False,0.017,0.003,0.003,100.0,34562.667,33.75,2026-07-09T21:21:47,3
gml/Tinet.gml,53,89,1,2,False,False,False,3,0,0.375,0,SAT,False,0.478,0.447,0.023,99.0,103688.0,101.26,2026-07-09T21:21:49,3
gml/Tw.gml,76,118,1,2,False,False,False,3,0,0.403,0,SAT,False,1.132,1.07,0.05,99.0,182912.0,178.627,2026-07-09T21:21:51,3
gml/Twaren.gml,20,20,1,2,False,False,False,3,0,0.392,0,SAT,False,0.035,0.023,0.007,97.667,41960.0,40.977,2026-07-09T21:21:56,3
gml/Ulaknet.gml,82,82,1,2,False,False,False,3,0,0.4,0,SAT,False,1.813,1.74,0.057,99.0,223530.667,218.293,2026-07-09T21:21:57,3
gml/UniC.gml,25,29,1,2,False,False,False,3,0,0.37,0,SAT,False,0.075,0.057,0.007,99.333,52800.0,51.563,2026-07-09T21:22:04,3
gml/Uninet.gml,13,25,1,2,False,False,False,3,0,0.364,0,SAT,False,0.025,0.017,0.0,97.0,37217.333,36.343,2026-07-09T21:22:05,3
gml/Uninett.gml,74,97,1,2,False,False,False,3,0,0.396,0,SAT,False,2.077,1.99,0.077,99.667,243989.333,238.27,2026-07-09T21:22:06,3
gml/Uninett2010.gml,74,101,1,2,False,False,False,3,0,0.405,0,SAT,False,1.915,1.827,0.073,99.333,267720.0,261.447,2026-07-09T21:22:14,3
gml/Uninett2011.gml,69,98,1,2,False,False,False,3,0,0.392,0,SAT,False,1.574,1.51,0.047,99.333,192606.667,188.093,2026-07-09T21:22:21,3
gml/Uran.gml,24,24,1,2,False,False,False,3,0,0.382,0,SAT,False,0.211,0.193,0.003,99.333,49745.333,48.583,2026-07-09T21:22:26,3
gml/UsCarrier.gml,158,189,1,2,False,False,False,3,0,0.533,-9,TIMEOUT,True,30.1,,,,,,2026-07-09T21:22:28,3
gml/UsSignal.gml,63,79,1,2,False,False,False,3,0,0.383,0,SAT,False,1.467,1.403,0.05,99.333,204252.0,199.463,2026-07-09T21:24:00,3
gml/Uunet.gml,49,84,1,2,False,False,False,3,0,0.374,0,SAT,False,0.324,0.297,0.017,99.333,78056.0,76.227,2026-07-09T21:24:06,3
gml/Vinaren.gml,25,26,1,2,False,False,False,3,0,0.363,0,SAT,False,0.055,0.04,0.003,99.333,46882.667,45.787,2026-07-09T21:24:08,3
gml/VisionNet.gml,24,23,1,2,False,False,False,3,0,0.363,0,SAT,False,0.169,0.153,0.003,99.0,47484.0,46.373,2026-07-09T21:24:09,3
gml/VtlWavenet2008.gml,88,92,1,2,False,False,False,3,0,0.413,0,SAT,False,4.034,3.88,0.137,99.0,473673.333,462.57,2026-07-09T21:24:11,3
gml/VtlWavenet2011.gml,92,96,1,2,False,False,False,3,0,0.436,0,SAT,False,11.137,10.937,0.19,99.0,675097.333,659.277,2026-07-09T21:24:24,3
gml/WideJpn.gml,30,33,1,2,False,False,False,3,0,0.381,0,SAT,False,0.511,0.493,0.007,99.333,53776.0,52.517,2026-07-09T21:24:59,3
gml/Xeex.gml,24,34,1,2,False,False,False,3,0,0.37,0,SAT,False,2.113,2.09,0.01,99.0,59318.667,57.927,2026-07-09T21:25:01,3
gml/Xspedius.gml,34,49,1,2,False,False,False,3,0,0.374,0,SAT,False,2.693,2.667,0.013,99.333,61398.667,59.96,2026-07-09T21:25:09,3
gml/York.gml,23,24,1,2,False,False,False,3,0,0.368,0,SAT,False,0.081,0.067,0.003,98.0,46926.667,45.827,2026-07-09T21:25:18,3
gml/Zamren.gml,36,34,1,2,False,False,False,3,0,0.37,0,SAT,False,1.152,1.123,0.013,99.667,72257.333,70.567,2026-07-09T21:25:19,3
